"bic","no.param","treatment"
457.043643397917,2,1
513.942874774292,2,2
