"Treatment","GPP (g C)","Rg (g C)","Rm (g C)","Cs (g C)","Cf (g C)","Cr (g C)","Cw (g C)","Cflit (g C)","Crlit (g C)"
"ambient",5268.62830539379,1073.62777440578,1248.18600809621,105.066178395886,671.301033111219,523.771825685953,1586.11654864943,33.1415750292417,27.4173620200698
"elevated",6277.95487078283,1145.82144627776,1847.9732705915,169.90159819261,917.586945615551,664.77174766905,1436.36672130343,44.0944303367056,51.4387107962172
