"bic","no.param","treatment"
488.695810470053,4,1
492.676170587673,4,2
