"bic","no.param","treatment"
424.990211402684,2,1
398.431410026336,2,2
