"bic","no.param","treatment"
7382.84984754382,9,1
5397.97389077165,9,2
6263.63635925944,9,3
3544.87490204048,9,4
