"bic","no.param","treatment"
5835.59614753148,4,1
3881.69264831541,4,2
3643.75612280115,4,3
839.654936587155,4,4
